<?xml version="1.0" encoding="utf-8"?>
<CustomDevice xmlns:xsi="http://www.w3.org/2001/XMLSchema-instance" xsi:noNamespaceSchemaLocation="Custom Device.xsd">
<XSDVersion Major="2010" Minor="0" Fix="0" Build="0" />
  <AddMenu>
    <eng>PXImc Custom Device</eng>
    <loc>PXImc Custom Device</loc>
  </AddMenu>
  <Version>1.0.0</Version>
  <Type>Inline HW Interface</Type>
  <MaxOccurrence>-1</MaxOccurrence>
  <MainPageGUID>cd4175d1-e95a-4eb2-b672-894f1ab5bdc4</MainPageGUID>
  <InitializationVI>
    <Type>Action</Type>
    <Item2Launch>
      <Type>To Common Doc Dir</Type>
		<Path>Custom Devices\PXImc Custom Device\Windows\PXImc Custom Device Configuration.llb\Initialization VI.vi</Path>
    </Item2Launch>
  </InitializationVI>
  <CustomDeviceVI>
		<SourceDistribution>
			<Source>
				<SupportedTarget>Windows</SupportedTarget>
				<Source>
					<Type>To Common Doc Dir</Type>
					<Path>Custom Devices\PXImc Custom Device\Windows\PXImc Custom Device Engine Windows.llb\RT Driver VI.vi</Path>
				</Source>
				<RealTimeSystemDestination>c:\ni-rt\VeriStand\Custom Devices\PXImc Custom Device\PXImc Custom Device Engine Windows.llb\RT Driver VI.vi</RealTimeSystemDestination>
			</Source>
			<Source>
				<SupportedTarget>Pharlap</SupportedTarget>
				<Source>
					<Type>To Common Doc Dir</Type>
					<Path>Custom Devices\PXImc Custom Device\PharLap\PXImc Custom Device Engine Pharlap.llb\RT Driver VI.vi</Path>
				</Source>
				<RealTimeSystemDestination>c:\ni-rt\VeriStand\Custom Devices\PXImc Custom Device\PXImc Custom Device Engine Pharlap.llb\RT Driver VI.vi</RealTimeSystemDestination>
			</Source>
			<Source>
				<SupportedTarget>VxWorks</SupportedTarget>
				<Source>
					<Type>To Common Doc Dir</Type>
					<Path>Custom Devices\PXImc Custom Device\VxWorks\PXImc Custom Device Engine VxWorks.llb\RT Driver VI.vi</Path>
				</Source>
				<RealTimeSystemDestination>c:\ni-rt\VeriStand\Custom Devices\PXImc Custom Device\PXImc Custom Device Engine VxWorks.llb\RT Driver VI.vi</RealTimeSystemDestination>
			</Source>	
			<Source>
				<SupportedTarget>Linux_32_ARM</SupportedTarget>
				<Source>
					<Type>To Common Doc Dir</Type>
					<Path>Custom Devices\PXImc Custom Device\Linux_32_ARM\PXImc Custom Device Engine LinuxARM.llb\RT Driver VI.vi</Path>
				</Source>
				<RealTimeSystemDestination>c:\ni-rt\VeriStand\Custom Devices\PXImc Custom Device\PXImc Custom Device Engine LinuxARM.llb\RT Driver VI.vi</RealTimeSystemDestination>
			</Source>
			<Source>
				<SupportedTarget>Linux_x64</SupportedTarget>
				<Source>
					<Type>To Common Doc Dir</Type>
					<Path>Custom Devices\PXImc Custom Device\Linux_x64\PXImc Custom Device Engine Linux64.llb\RT Driver VI.vi</Path>
				</Source>
				<RealTimeSystemDestination>c:\ni-rt\VeriStand\Custom Devices\PXImc Custom Device\PXImc Custom Device Engine Linux64.llb\RT Driver VI.vi</RealTimeSystemDestination>
			</Source>
		</SourceDistribution>
	</CustomDeviceVI>
  <Dependencies />
  <Pages>
    <Page>
      <Name>
        <eng>PXImc Custom Device</eng>
        <loc>PXImc Custom Device</loc>
      </Name>
      <GUID>cd4175d1-e95a-4eb2-b672-894f1ab5bdc4</GUID>
      <Glyph>
			<Type>To Application Data Dir</Type>
			<Path>System Explorer\Glyphs\default fpga category.png</Path>
		</Glyph>
      <Item2Launch>
        <Type>To Common Doc Dir</Type>
		<Path>Custom Devices\PXImc Custom Device\Windows\PXImc Custom Device Configuration.llb\Main Page.vi</Path>
      </Item2Launch>
	  <RunTimeMenu>
		<MenuItem>
			<GUID>d48c3ff4-1bc4-4a66-a283-062192f9cd05</GUID>
			<Type>Action</Type>
			<Execution>silent</Execution>
			<Name>
				<eng>Export Configuration</eng>
				<loc>Export Configuration</loc>
			</Name>
			<Item2Launch>
				<Type>To Common Doc Dir</Type>
				<Path>Custom Devices\PXImc Custom Device\Windows\PXImc Custom Device Configuration.llb\Export Configuration RTM.vi</Path>
			</Item2Launch>
		</MenuItem>
	  </RunTimeMenu>
	  <ButtonList>
			<Button>
				<ID>d48c3ff4-1bc4-4a66-a283-062192f9cd05-Button</ID>
				<Glyph>
					<Type>To Application Data Dir</Type>
					<Path>System Explorer\Glyphs\Export.png</Path>
				</Glyph>
				<Type>Action</Type>
				<ReferencedGUID>d48c3ff4-1bc4-4a66-a283-062192f9cd05</ReferencedGUID>
				<ButtonText>
					<eng>Export Configuration</eng>
					<loc>Export Configuration</loc>
				</ButtonText>
				<Caption>
					<eng>Export Configuration</eng>
					<loc>Export Configuration</loc>
				</Caption>
				<TipStrip>
					<eng>Export Custom Device Configuration</eng>
					<loc>Export Custom Device Configuration</loc>
				</TipStrip>
				<Documentation>
					<eng>Export Custom Device Configuration</eng>
					<loc>Export Custom Device Configuration</loc>
				</Documentation>
			</Button>
	  </ButtonList>
	  <ActionVIOnDeleteRequest>
        <Type>To Common Doc Dir</Type>
        <Path>Custom Devices\PXImc Custom Device\Windows\PXImc Custom Device Configuration.llb\ActionVIOnDeleteRequest.vi</Path>
      </ActionVIOnDeleteRequest>
	  <ActionVIOnCompile>
        <Type>To Common Doc Dir</Type>
        <Path>Custom Devices\PXImc Custom Device\Windows\PXImc Custom Device Configuration.llb\ActionVIOnCompile.vi</Path>
      </ActionVIOnCompile>	  
    </Page>
    <Page>
	
     <Name>
        <eng>Router</eng>
        <loc>Router</loc>
      </Name>
	  <DeleteProtection>true</DeleteProtection>
      <GUID>c8b74b34-bc72-40f1-ad7b-12650213177a</GUID>
      <Glyph>
			<Type>To Common Doc Dir</Type>
			<Path>Custom Devices\PXImc Custom Device\Windows\Data\PXI_target.png</Path>
		</Glyph> 
	  <Item2Launch>
        <Type>To Common Doc Dir</Type>
		<Path>Custom Devices\PXImc Custom Device\Windows\PXImc Custom Device Configuration.llb\Router.vi</Path>
      </Item2Launch>		
    </Page>
	
	<Page>
	
      <Name>
        <eng>Node</eng>
        <loc>Node</loc>
      </Name>
	  <DeleteProtection>true</DeleteProtection>
      <GUID>521BD6DB-6186-46DF-8A8D-09F4EE9A1782</GUID>
      <Glyph>
			<Type>To Common Doc Dir</Type>
			<Path>Custom Devices\PXImc Custom Device\Windows\Data\PXI_target.png</Path>
		</Glyph>
      <Item2Launch>
        <Type>To Common Doc Dir</Type>
		<Path>Custom Devices\PXImc Custom Device\Windows\PXImc Custom Device Configuration.llb\Node.vi</Path>
		
      </Item2Launch>
	  
    </Page>

  </Pages>
  <CustomXML>
    <Dummy></Dummy>
  </CustomXML>
</CustomDevice>