<?xml version="1.0" encoding="utf-8"?>
<CustomDevice xmlns:xsi="http://www.w3.org/2001/XMLSchema-instance" xsi:noNamespaceSchemaLocation="Custom Device.xsd">
<XSDVersion Major="2010" Minor="0" Fix="0" Build="0" />
  <AddMenu>
    <eng>RS-XXX</eng>
    <loc>RS-XXX</loc>
  </AddMenu>
  <Version>1.0.0</Version>
  <Type>Inline HW Interface</Type>
  <MaxOccurrence>1000</MaxOccurrence>
  <MainPageGUID>1cd35bab-4c2e-4d22-b4ec-45a20be64e82</MainPageGUID>
  <InitializationVI>
    <Type>Action</Type>
    <Item2Launch>
      <Type>To Common Doc Dir</Type>
		<Path>Custom Devices\RS-XXX\Windows\RS-XXX Configuration.llb\Initialization VI.vi</Path>
    </Item2Launch>
  </InitializationVI>
  <CustomDeviceVI>
		<SourceDistribution>
			<Source>
				<SupportedTarget>Windows</SupportedTarget>
				<Source>
					<Type>To Common Doc Dir</Type>
					<Path>Custom Devices\RS-XXX\Windows\RS-XXX Engine Windows.llb\RT Driver VI.vi</Path>
				</Source>
				<RealTimeSystemDestination>c:\ni-rt\VeriStand\Custom Devices\RS-XXX\RS-XXX Engine Windows.llb\RT Driver VI.vi</RealTimeSystemDestination>
			</Source>
			<Source>
				<SupportedTarget>Pharlap</SupportedTarget>
				<Source>
					<Type>To Common Doc Dir</Type>
					<Path>Custom Devices\RS-XXX\PharLap\RS-XXX Engine Pharlap.llb\RT Driver VI.vi</Path>
				</Source>
				<RealTimeSystemDestination>c:\ni-rt\VeriStand\Custom Devices\RS-XXX\RS-XXX Engine Pharlap.llb\RT Driver VI.vi</RealTimeSystemDestination>
			</Source>
			<Source>
				<SupportedTarget>VxWorks</SupportedTarget>
				<Source>
					<Type>To Common Doc Dir</Type>
					<Path>Custom Devices\RS-XXX\VxWorks\RS-XXX Engine VxWorks.llb\RT Driver VI.vi</Path>
				</Source>
				<RealTimeSystemDestination>c:\ni-rt\VeriStand\Custom Devices\RS-XXX\RS-XXX Engine VxWorks.llb\RT Driver VI.vi</RealTimeSystemDestination>
			</Source>	
			<Source>
				<SupportedTarget>Linux_32_ARM</SupportedTarget>
				<Source>
					<Type>To Common Doc Dir</Type>
					<Path>Custom Devices\RS-XXX\Linux_32_ARM\RS-XXX Engine LinuxARM.llb\RT Driver VI.vi</Path>
				</Source>
				<RealTimeSystemDestination>c:\ni-rt\VeriStand\Custom Devices\RS-XXX\RS-XXX Engine LinuxARM.llb\RT Driver VI.vi</RealTimeSystemDestination>
			</Source>
			<Source>
				<SupportedTarget>Linux_x64</SupportedTarget>
				<Source>
					<Type>To Common Doc Dir</Type>
					<Path>Custom Devices\RS-XXX\Linux_x64\RS-XXX Engine Linux64.llb\RT Driver VI.vi</Path>
				</Source>
				<RealTimeSystemDestination>c:\ni-rt\VeriStand\Custom Devices\RS-XXX\RS-XXX Engine Linux64.llb\RT Driver VI.vi</RealTimeSystemDestination>
			</Source>
		</SourceDistribution>
	</CustomDeviceVI>
  <Dependencies />
  <Pages>
    <Page>
      <Name>
        <eng>RS-XXX</eng>
        <loc>RS-XXX</loc>
      </Name>
      <GUID>1cd35bab-4c2e-4d22-b4ec-45a20be64e82</GUID>
      <Glyph>
			<Type>To Application Data Dir</Type>
			<Path>System Explorer\Glyphs\default fpga category.png</Path>
		</Glyph>
      <Item2Launch>
        <Type>To Common Doc Dir</Type>
		<Path>Custom Devices\RS-XXX\Windows\RS-XXX Configuration.llb\Main Page.vi</Path>
      </Item2Launch>
	  <RunTimeMenu>
		<MenuItem>
			<GUID>6bc99868-71eb-4133-9546-13e76bfcbc5e</GUID>
			<Type>Action</Type>
			<Execution>silent</Execution>
			<Name>
				<eng>Export Configuration</eng>
				<loc>Export Configuration</loc>
			</Name>
			<Item2Launch>
				<Type>To Common Doc Dir</Type>
				<Path>Custom Devices\RS-XXX\Windows\RS-XXX Configuration.llb\Export Configuration RTM.vi</Path>
			</Item2Launch>
		</MenuItem>
	  </RunTimeMenu>
	  <ButtonList>
			<Button>
				<ID>6bc99868-71eb-4133-9546-13e76bfcbc5e-Button</ID>
				<Glyph>
					<Type>To Application Data Dir</Type>
					<Path>System Explorer\Glyphs\Export.png</Path>
				</Glyph>
				<Type>Action</Type>
				<ReferencedGUID>6bc99868-71eb-4133-9546-13e76bfcbc5e</ReferencedGUID>
				<ButtonText>
					<eng>Export Configuration</eng>
					<loc>Export Configuration</loc>
				</ButtonText>
				<Caption>
					<eng>Export Configuration</eng>
					<loc>Export Configuration</loc>
				</Caption>
				<TipStrip>
					<eng>Export Custom Device Configuration</eng>
					<loc>Export Custom Device Configuration</loc>
				</TipStrip>
				<Documentation>
					<eng>Export Custom Device Configuration</eng>
					<loc>Export Custom Device Configuration</loc>
				</Documentation>
			</Button>
	  </ButtonList>
	  <ActionVIOnCompile>
        <Type>To Common Doc Dir</Type>
        <Path>Custom Devices\RS-XXX\Windows\RS-XXX Configuration.llb\ActionVIOnCompile.vi</Path>
      </ActionVIOnCompile>
    </Page>
    
<Page>
      <Name>
        <eng>Channel</eng>
        <loc>Channel</loc>
      </Name>
      <GUID>29df30bd-27f9-4f43-b91e-60a520aa8734</GUID>
      <Glyph>
			<Type>To Application Data Dir</Type>
			<Path>System Explorer\Glyphs\default fpga category.png</Path>
		</Glyph>
      <Item2Launch>
        <Type>To Common Doc Dir</Type>
		<Path>Custom Devices\RS-XXX\Windows\RS-XXX Configuration.llb\Channel.vi</Path>
      </Item2Launch>
    </Page>
  </Pages>
  <CustomXML>
    <Dummy></Dummy>
  </CustomXML>
</CustomDevice>